"","Date","CMC_Index"
"1",2023-03-29,0.0244680916643878
"2",2023-03-30,-0.00838016606103652
"3",2023-03-31,0.0227416698316227
"4",2023-04-01,-0.00627731468984583
"5",2023-04-02,-0.0132985080845388
"6",2023-04-03,0.000402659231939051
"7",2023-04-04,0.0124965314897409
"8",2023-04-05,0.00637930449131197
"9",2023-04-06,-0.010376505269195
"10",2023-04-07,-0.0046377057609545
"11",2023-04-08,-0.00634427746202161
"12",2023-04-09,0.00898344219503694
"13",2023-04-10,0.0223939175007022
"14",2023-04-11,0.0159732186772665
"15",2023-04-12,0.00240724600404552
"16",2023-04-13,0.0229471922088216
"17",2023-04-14,0.0180979525919102
"18",2023-04-15,0.000312104466713681
"19",2023-04-16,0.0186962486175441
"20",2023-04-17,-0.0203585375526568
"21",2023-04-18,0.0226169202088708
"22",2023-04-19,-0.0714373622294769
"23",2023-04-20,-0.0218683421778906
"24",2023-04-21,-0.0369863586943296
"25",2023-04-22,0.0244183006348837
"26",2023-04-23,-0.010649631938477
"27",2023-04-24,-0.00495084144028227
"28",2023-04-25,0.0196118377386143
"29",2023-04-26,-0.0131824845350729
"30",2023-04-27,0.0195468225971518
"31",2023-04-28,0.00364732910888267
"32",2023-04-29,0.00245203973224467
"33",2023-04-30,-0.00748984562345679
"34",2023-05-01,-0.0236123272587765
"35",2023-05-02,0.00967247889847117
"36",2023-05-03,0.00824008266913152
"37",2023-05-04,-0.0126965489569159
"38",2023-05-05,0.0279352504960836
"39",2023-05-06,-0.0290170933686031
"40",2023-05-07,-0.0102947017643786
"41",2023-05-08,-0.0367906839745316
"42",2023-05-09,0.00772669907429128
"43",2023-05-10,0.00280783002452191
"44",2023-05-11,-0.0271532630074506
"45",2023-05-12,0.0143319944816443
"46",2023-05-13,-0.00575058997332883
"47",2023-05-14,0.00592926431307105
"48",2023-05-15,0.00390632776881261
"49",2023-05-16,0.000105968673958978
"50",2023-05-17,0.0131356932231934
"51",2023-05-18,-0.0142390359708452
"52",2023-05-19,0.00230825033622833
"53",2023-05-20,0.00547016563928931
"54",2023-05-21,-0.0143240922910427
"55",2023-05-22,0.0119500763587754
"56",2023-05-23,0.0118109704474141
"57",2023-05-24,-0.0288153269435027
"58",2023-05-25,-0.00191900611601281
"59",2023-05-26,0.00927211507575387
"60",2023-05-27,0.0139007959910191
"61",2023-05-28,0.0275405241653897
"62",2023-05-29,-0.00962245727429695
"63",2023-05-30,0.00760143483746684
"64",2023-05-31,-0.0155006220363626
"65",2023-06-01,-0.0116026928527894
"66",2023-06-02,0.0309827310223381
"67",2023-06-03,-0.00339698862486475
"68",2023-06-04,0.00769456039255985
"69",2023-06-05,-0.0603730260201699
"70",2023-06-06,0.0300944570310128
"71",2023-06-07,-0.0476687957369999
"72",2023-06-08,0.00597082648351164
"73",2023-06-09,-0.0262149121299335
"74",2023-06-10,-0.0748922124486584
"75",2023-06-11,-0.00147538955919498
"76",2023-06-12,-0.00238275209479695
"77",2023-06-13,0.0109248114885785
"78",2023-06-14,-0.0363822921251843
"79",2023-06-15,0.00231892258574743
"80",2023-06-16,0.0149654821138149
"81",2023-06-17,0.0114527908127576
"82",2023-06-18,-0.00738311859010657
"83",2023-06-19,0.00872177654370404
"84",2023-06-20,0.0289908472240307
"85",2023-06-21,0.0567713548511276
"86",2023-06-22,-0.0124982468451077
"87",2023-06-23,0.0529813972931414
"88",2023-06-24,-0.000525366204962774
"89",2023-06-25,0.00448600656918091
"90",2023-06-26,-0.00595950733825446
"91",2023-06-27,0.0143751032179712
"92",2023-06-28,-0.0369472537759617
"93",2023-06-29,0.0377770020160568
"94",2023-06-30,0.0434466422862978
"95",2023-07-01,0.00334493594215159
"96",2023-07-02,0.011271091261316
"97",2023-07-03,0.00170033520277196
"98",2023-07-04,-0.0147696944832524
"99",2023-07-05,-0.0149079391320493
"100",2023-07-06,-0.0126760188947091
"101",2023-07-07,0.0221636536499576
"102",2023-07-08,0.0105285534085866
"103",2023-07-09,-0.0132014090519561
"104",2023-07-10,0.0124333319435937
"105",2023-07-11,0.00647804670447996
"106",2023-07-12,-0.00513681543096224
"107",2023-07-13,0.125709570809235
"108",2023-07-14,-0.0323830565692144
"109",2023-07-15,-0.000675259658781768
"110",2023-07-16,-0.0116829159036397
"111",2023-07-17,-0.00598105279618212
"112",2023-07-18,-0.0110319044109737
"113",2023-07-19,0.0160550669670751
"114",2023-07-20,-0.00692272040922844
"115",2023-07-21,0.00213312510062031
"116",2023-07-22,-0.0191766458880309
"117",2023-07-23,0.0127603548378453
"118",2023-07-24,-0.0348356956583645
"119",2023-07-25,0.00133809873335962
"120",2023-07-26,0.0141965140201347
"121",2023-07-27,-0.000424778273943299
"122",2023-07-28,0.00386032316611032
"123",2023-07-29,0.00140826932779372
"124",2023-07-30,-0.00696379706640256
"125",2023-07-31,-0.0151333364790552
"126",2023-08-01,0.00969579622889233
"127",2023-08-02,-0.0315083230316199
"128",2023-08-03,-0.0105568726481064
"129",2023-08-04,-0.00395175281081678
"130",2023-08-05,-0.000241989423160355
"131",2023-08-06,-0.000325864566601947
"132",2023-08-07,0.00344171295729816
"133",2023-08-08,0.0203522461024253
"134",2023-08-09,-0.000669098977411675
"135",2023-08-10,-0.00826907414701379
"136",2023-08-11,-0.00384483154343626
"137",2023-08-12,0.00083954108981461
"138",2023-08-13,-0.007193449446319
"139",2023-08-14,0.00802118749193994
"140",2023-08-15,-0.0257316494742495
"141",2023-08-16,-0.0341929504815106
"142",2023-08-17,-0.0736244407010736
"143",2023-08-18,0.00170405405743416
"144",2023-08-19,0.00943067204447571
"145",2023-08-20,0.00938520461802681
"146",2023-08-21,-0.0216735029611625
"147",2023-08-22,-0.0108450755414227
"148",2023-08-23,0.0287777274159268
"149",2023-08-24,-0.011897320350244
"150",2023-08-25,-0.00394871701720785
"151",2023-08-26,-0.00250024204153823
"152",2023-08-27,0.0103410547130586
"153",2023-08-28,-0.00104277142836332
"154",2023-08-29,0.0482375639215872
"155",2023-08-30,-0.0262450589853922
"156",2023-08-31,-0.0374619853806706
"157",2023-09-01,-0.0141774181288717
"158",2023-09-02,0.00252418715921706
"159",2023-09-03,0.00210831279775024
"160",2023-09-04,-0.00219123597522342
"161",2023-09-05,0.00407168346638704
"162",2023-09-06,-0.000638526059060729
"163",2023-09-07,0.0074339705104275
"164",2023-09-08,-0.0082156701545561
"165",2023-09-09,-0.00256238518111261
"166",2023-09-10,-0.0198922610714083
"167",2023-09-11,-0.0316006512965299
"168",2023-09-12,0.0234290606163678
"169",2023-09-13,0.0100396789991179
"170",2023-09-14,0.0160046957322001
"171",2023-09-15,0.0130701699292939
"172",2023-09-16,-0.00157204988419638
"173",2023-09-17,-0.0128921079689431
"174",2023-09-18,0.0148773261056279
"175",2023-09-19,0.0117944830758782
"176",2023-09-20,-0.00559243675755711
"177",2023-09-21,-0.0260779619758604
"178",2023-09-22,0.00189873011980791
"179",2023-09-23,0.00077426859585521
"180",2023-09-24,-0.0100270019906794
"181",2023-09-25,0.0108744405585942
"182",2023-09-26,-6.47797304892173e-05
"183",2023-09-27,0.00603924625129004
"184",2023-09-28,0.0270891971695094
"185",2023-09-29,0.00505428692802257
"186",2023-09-30,0.00653453626299795
"187",2023-10-01,0.0397623153076949
"188",2023-10-02,-0.022535807322894
"189",2023-10-03,0.00116659970514983
"190",2023-10-04,0.00314060192464989
"191",2023-10-05,-0.0103074310175765
"192",2023-10-06,0.0158794110754706
"193",2023-10-07,-0.00741144366670153
"194",2023-10-08,-0.00707512367685053
"195",2023-10-09,-0.0327770975668712
"196",2023-10-10,-0.00672567659429472
"197",2023-10-11,-0.0096082209424343
"198",2023-10-12,-0.0132235313172589
"199",2023-10-13,0.00866470577155397
"200",2023-10-14,0.000484747953009046
"201",2023-10-15,0.00562233479245775
"202",2023-10-16,0.0360345025127711
"203",2023-10-17,-0.0159625140549768
"204",2023-10-18,-0.00717035703119961
"205",2023-10-19,0.0183116096765403
"206",2023-10-20,0.0253178469314244
"207",2023-10-21,0.0269214043317041
"208",2023-10-22,0.00932468089156422
"209",2023-10-23,0.0632878662393819
"210",2023-10-24,-0.0111850435419797
"211",2023-10-25,0.0143498948823085
"212",2023-10-26,0.00398576537495389
"213",2023-10-27,-0.0143099757899524
"214",2023-10-28,0.00859778071709014
"215",2023-10-29,0.0177113430992478
"216",2023-10-30,0.0203251336260541
"217",2023-10-31,0.00838255844554615
"218",2023-11-01,0.0350498291888922
"219",2023-11-02,-0.01058682852379
"220",2023-11-03,0.0021832959717694
"221",2023-11-04,0.0166295869322478
"222",2023-11-05,0.0158849797855103
"223",2023-11-06,0.0312985534122956
"224",2023-11-07,-0.0113004284415511
"225",2023-11-08,0.00977871963849004
"226",2023-11-09,0.0193137885805074
"227",2023-11-10,0.049386911237632
"228",2023-11-11,0.0151580533617282
"229",2023-11-12,0.0122033424737605
"230",2023-11-13,-0.0397573679069911
"231",2023-11-14,-0.00745614001159912
"232",2023-11-15,0.0688014151087648
"233",2023-11-16,-0.0367180352951475
"234",2023-11-17,-0.000390087751784413
"235",2023-11-18,0.00264172318461807
"236",2023-11-19,0.0230652252599782
"237",2023-11-20,-0.0239194971965895
"238",2023-11-21,-0.0663567088154293
"239",2023-11-22,0.059057457537413
"240",2023-11-23,-0.000301147478724961
"241",2023-11-24,0.00854088523571109
"242",2023-11-25,0.0149007545771365
"243",2023-11-26,-0.00998065144985109
"244",2023-11-27,-0.027377624878887
"245",2023-11-28,0.0167149131543992
"246",2023-11-29,-0.000931788732419697
"247",2023-11-30,0.00503026551103393
"248",2023-12-01,0.0124735554526414
"249",2023-12-02,0.0222700694840743
"250",2023-12-03,-0.000469587449058723
"251",2023-12-04,0.0238388434841015
"252",2023-12-05,0.0222209494046234
"253",2023-12-06,0.0112755216195039
"254",2023-12-07,0.0228556600163295
"255",2023-12-08,0.0663174103038378
"256",2023-12-09,0.00509635542064855
"257",2023-12-10,0.0265709168981823
"258",2023-12-11,-0.0473147918832977
"259",2023-12-12,0.00914611079471781
"260",2023-12-13,0.0371486770720535
"261",2023-12-14,0.00898263649638691
"262",2023-12-15,-0.0394572414585865
"263",2023-12-16,0.0138193219690051
"264",2023-12-17,-0.0250132914664193
"265",2023-12-18,0.0151429960747661
"266",2023-12-19,-0.0121798702883857
"267",2023-12-20,0.0392307390636781
"268",2023-12-21,0.0561710155056399
"269",2023-12-22,0.00359720087445132
"270",2023-12-23,0.0150154822847332
"271",2023-12-24,-0.00534972529941293
"272",2023-12-25,0.0302861412655671
"273",2023-12-26,-0.0255084554992788
"274",2023-12-27,0.0281816837139487
"275",2023-12-28,-0.0199535701256755
"276",2023-12-29,-0.00970263851203466
"277",2023-12-30,0.000664795322828055
"278",2023-12-31,-0.0116594775902959
"279",2024-01-01,0.0388716789772149
"280",2024-01-02,-0.0134068761106396
"281",2024-01-03,-0.0633112938866455
"282",2024-01-04,0.0283614220701902
"283",2024-01-05,-0.0285357028809338
"284",2024-01-06,-0.0270978197029637
"285",2024-01-07,-0.0252735608321564
"286",2024-01-08,0.0602472577359519
"287",2024-01-09,-0.0221876560719907
"288",2024-01-10,0.058324541014847
"289",2024-01-11,0.0172657250878564
"290",2024-01-12,-0.0585790745662201
"291",2024-01-13,0.0160460049560784
"292",2024-01-14,-0.0263608519472639
"293",2024-01-15,0.0130756426312657
"294",2024-01-16,0.00754885498320529
"295",2024-01-17,-0.00743688452516084
"296",2024-01-18,-0.0350760157309013
"297",2024-01-19,-0.00280898312522425
"298",2024-01-20,0.00469831404694286
"299",2024-01-21,-0.010121042975723
"300",2024-01-22,-0.0495046662703003
"301",2024-01-23,-0.00605476893099145
"302",2024-01-24,0.0116240465913489
"303",2024-01-25,-0.00607064071115209
"304",2024-01-26,0.0377252406355583
"305",2024-01-27,0.00548401626296411
"306",2024-01-28,0.00434752564895466
"307",2024-01-29,0.0311652606941919
"308",2024-01-30,-0.0154022895408688
"309",2024-01-31,-0.0247078954842289
"310",2024-02-01,0.013060553224338
"311",2024-02-02,0.0163604003200946
"312",2024-02-03,-0.00361381054108596
"313",2024-02-04,-0.015578709142748
"314",2024-02-05,0.000200931479238842
"315",2024-02-06,0.00860159285127465
"316",2024-02-07,0.0227173812930184
"317",2024-02-08,0.0147126574540028
"318",2024-02-09,0.030001594886492
"319",2024-02-10,0.010798079337419
"320",2024-02-11,0.00556013927031699
"321",2024-02-12,0.0290118158552119
"322",2024-02-13,-0.0106875160165105
"323",2024-02-14,0.0400468489324359
"324",2024-02-15,0.0118878483578368
"325",2024-02-16,-0.0045114480492543
"326",2024-02-17,-0.00755579969389775
"327",2024-02-18,0.0127706988765069
"328",2024-02-19,0.00671515887134421
"329",2024-02-20,-0.00685984308888375
"330",2024-02-21,-0.0117370248375237
"331",2024-02-22,-0.0109370855991474
"332",2024-02-23,-0.00797311897263012
"333",2024-02-24,0.0201350919419403
"334",2024-02-25,0.00752713336297682
"335",2024-02-26,0.0345014531603289
"336",2024-02-27,0.0217932968388541
"337",2024-02-28,0.0295163017382584
"338",2024-02-29,0.00452633704196408
"339",2024-03-01,0.0379264134753264
"340",2024-03-02,0.0669939992798797
"341",2024-03-03,-0.00643614842684297
"342",2024-03-04,0.0266425709967826
"343",2024-03-05,-0.0743004070959981
"344",2024-03-06,0.0533446964774581
"345",2024-03-07,0.0337310426748334
"346",2024-03-08,0.00423564182407278
"347",2024-03-09,0.000978144054236557
"348",2024-03-10,-0.00662650540858452
"349",2024-03-11,0.0628906639479495
"350",2024-03-12,-0.00158777959552853
"351",2024-03-13,0.0360160274907694
"352",2024-03-14,-0.00952444140148661
"353",2024-03-15,-0.0135886621504607
"354",2024-03-16,-0.0642547824636043
"355",2024-03-17,0.0401923522502124
"356",2024-03-18,-0.00890942689380161
"357",2024-03-19,-0.110746724741708
"358",2024-03-20,0.0892540794707807
"359",2024-03-21,-0.0160121537945198
"360",2024-03-22,-0.0212206186908977
"361",2024-03-23,0.0104259139526257
"362",2024-03-24,0.0386674830709652
"363",2024-03-25,0.0256592426131179
"364",2024-03-26,-0.0060016791645966
"365",2024-03-27,-0.0073274791640082
"366",2024-03-28,0.0169741847604078
"367",2024-03-29,0.0138059399625287
"368",2024-03-30,-0.0101131746922963
"369",2024-03-31,0.0313096227295391
"370",2024-04-01,-0.0409465724445726
"371",2024-04-02,-0.0555982044631395
"372",2024-04-03,-0.00770469153415757
"373",2024-04-04,0.0281556182481099
"374",2024-04-05,-0.0164417692530383
"375",2024-04-06,0.0231377447161247
"376",2024-04-07,0.00897966614972017
"377",2024-04-08,0.0248245261095649
"378",2024-04-09,-0.0327827543854586
"379",2024-04-10,-0.000886279250115951
"380",2024-04-11,-0.00921624411426735
"381",2024-04-12,-0.0993760857529706
"382",2024-04-13,-0.0959132132382547
"383",2024-04-14,0.0548966259801576
"384",2024-04-15,-0.0328595033566016
"385",2024-04-16,-0.0101604714978488
"386",2024-04-17,-0.0271046097924452
"387",2024-04-18,0.0323880854722598
"388",2024-04-19,0.00111768853153889
"389",2024-04-20,0.0526003943936214
"390",2024-04-21,-0.00968466664907315
"391",2024-04-22,0.0388284490259361
"392",2024-04-23,-0.0147560724978044
"393",2024-04-24,-0.0336632804815266
"394",2024-04-25,-0.00106453464891906
"395",2024-04-26,-0.0121417039268824
"396",2024-04-27,0.00324008877993831
"397",2024-04-28,-0.00742359857426411
"398",2024-04-29,-0.0021366074763335
"399",2024-04-30,-0.046062608456044
"400",2024-05-01,0.0098526708598787
"401",2024-05-02,0.0160446376013979
"402",2024-05-03,0.0343674023962421
"403",2024-05-04,0.00727727131932092
"404",2024-05-05,0.00320905049436242
"405",2024-05-06,-0.00294527352727747
"406",2024-05-07,-0.0194794674536181
"407",2024-05-08,-0.0111534620156267
"408",2024-05-09,0.0246774743491011
"409",2024-05-10,-0.0348991195480682
"410",2024-05-11,-0.00303645486520164
"411",2024-05-12,-0.000689007717034051
"412",2024-05-13,0.00403651440274978
"413",2024-05-14,-0.0230946250333617
"414",2024-05-15,0.0608481053101987
"415",2024-05-16,-0.0105040505669096
"416",2024-05-17,0.0345137262649925
"417",2024-05-18,0.00477174745612986
"418",2024-05-19,-0.0178162426595222
"419",2024-05-20,0.0808514559806284
"420",2024-05-21,0.000421247356534338
"421",2024-05-22,-0.0196381098898619
"422",2024-05-23,-0.0202123843663291
"423",2024-05-24,-0.00456195416395004
"424",2024-05-25,0.00558698453856358
"425",2024-05-26,-0.0109146004066596
"426",2024-05-27,0.0162414276389745
"427",2024-05-28,-0.0194870912950658
"428",2024-05-29,-0.0120044308986193
"429",2024-05-30,-0.00462708251444414
"430",2024-05-31,-0.00415633938417066
"431",2024-06-01,0.00625665177793814
"432",2024-06-02,-0.00628347709980394
"433",2024-06-03,0.0104914121258943
"434",2024-06-04,0.0279112724312513
"435",2024-06-05,0.0107417347128514
"436",2024-06-06,-0.00659445461356722
"437",2024-06-07,-0.0396728666946344
"438",2024-06-08,-0.0147942370974468
"439",2024-06-09,0.0121296366705805
"440",2024-06-10,-0.014901630262433
"441",2024-06-11,-0.0353722345704297
"442",2024-06-12,0.0280887753433959
"443",2024-06-13,-0.0377649958574113
"444",2024-06-14,-0.013790524530319
"445",2024-06-15,0.00948278822722181
"446",2024-06-16,0.0108729824189139
"447",2024-06-17,-0.0224031415842069
"448",2024-06-18,-0.0377781549309813
"449",2024-06-19,0.00422293547861053
"450",2024-06-20,-0.00511620125517648
"451",2024-06-21,-0.00382381273622787
"452",2024-06-22,0.000620208784773946
"453",2024-06-23,-0.0199940333244765
"454",2024-06-24,-0.0116128693661511
"455",2024-06-25,0.0260902018732792
"456",2024-06-26,-0.00914283932855835
"457",2024-06-27,0.0358795038055313
"458",2024-06-28,-0.0172560510370455
"459",2024-06-29,-0.000211832525839284
"460",2024-06-30,0.0249515654924858
"461",2024-07-01,0.00277639318102467
"462",2024-07-02,0.0110207843011308
"463",2024-07-03,-0.0434075576409545
"464",2024-07-04,-0.0792737879963136
"465",2024-07-05,-0.00370789710557651
"466",2024-07-06,0.0552106566660552
"467",2024-07-07,-0.0636227034382545
"468",2024-07-08,0.0295180446175939
"469",2024-07-09,0.0186901975174416
"470",2024-07-10,0.00828430116973608
"471",2024-07-11,-0.00218446487730939
"472",2024-07-12,0.0312081716111623
"473",2024-07-13,0.0266870639515325
"474",2024-07-14,0.0104106375730343
"475",2024-07-15,0.0490317434930457
"476",2024-07-16,-0.00419443392182299
"477",2024-07-17,-0.00761795018810303
"478",2024-07-18,-0.00946756971031415
"479",2024-07-19,0.0310266123030886
"480",2024-07-20,0.0111364817795455
"481",2024-07-21,0.0252333837572551
"482",2024-07-22,-0.0243737619471715
"483",2024-07-23,-0.0249470569482572
"484",2024-07-24,-0.00950475646696325
"485",2024-07-25,-0.0180777162703868
"486",2024-07-26,0.0338499886664317
"487",2024-07-27,-0.000797245237717947
"488",2024-07-28,0.00322322215294633
"489",2024-07-29,-0.00194574478856766
"490",2024-07-30,-0.00859472304379311
"491",2024-07-31,-0.0261311711896641
"492",2024-08-01,-0.0076176912233764
"493",2024-08-02,-0.0667861387664187
"494",2024-08-03,-0.0223352847350068
"495",2024-08-04,-0.0562945731605011
"496",2024-08-05,-0.0764068678850149
"497",2024-08-06,0.0452069744121083
"498",2024-08-07,0.00296666324248877
"499",2024-08-08,0.0917086166107182
"500",2024-08-09,-0.0243555933501132
"501",2024-08-10,0.00282439812455189
"502",2024-08-11,-0.0485566776081201
"503",2024-08-12,0.0323268024978011
"504",2024-08-13,0.00484324059578442
"505",2024-08-14,-0.0176070149109535
"506",2024-08-15,-0.0194408588469837
"507",2024-08-16,0.00867547821494835
"508",2024-08-17,0.0142282091203731
"509",2024-08-18,-0.00489249467317989
"510",2024-08-19,0.0267050544879182
"511",2024-08-20,0.0168891826018673
"512",2024-08-21,0.0205676957727095
"513",2024-08-22,0.0106035495940301
"514",2024-08-23,0.0417323333349704
"515",2024-08-24,0.00823557090805078
"516",2024-08-25,-0.00861364963792549
"517",2024-08-26,-0.0336779673415449
"518",2024-08-27,-0.0508725067106817
"519",2024-08-28,-0.00528719478343326
"520",2024-08-29,-0.00301346987424402
"521",2024-08-30,-0.00104563682492003
"522",2024-08-31,-0.00876958929957762
"523",2024-09-01,-0.0373540127715532
"524",2024-09-02,0.0296810841448461
"525",2024-09-03,-0.0370241140188253
"526",2024-09-04,0.0115339445593124
"527",2024-09-05,-0.0204085278231494
"528",2024-09-06,-0.032231220204434
"529",2024-09-07,0.0199590789860822
"530",2024-09-08,0.022312565352142
"531",2024-09-09,0.0286664254936753
"532",2024-09-10,0.00559373151850056
"533",2024-09-11,-0.00428188810602305
"534",2024-09-12,0.016703334864601
"535",2024-09-13,0.020784293204315
"536",2024-09-14,-0.00360729052114526
"537",2024-09-15,-0.0278029816925725
"538",2024-09-16,-0.0141245222568527
"539",2024-09-17,0.0103433789276375
"540",2024-09-18,0.0175865277651278
"541",2024-09-19,0.0319435112930079
"542",2024-09-20,0.0115931182905484
"543",2024-09-21,0.0187822619824978
"544",2024-09-22,-0.014222807749263
"545",2024-09-23,0.0113032474078945
"546",2024-09-24,0.0238743248642323
"547",2024-09-25,-0.0208500346503437
"548",2024-09-26,0.0333002622771236
"549",2024-09-27,0.0155724182252634
"550",2024-09-28,-0.00538190237762088
"551",2024-09-29,0.00177647923934734
"552",2024-09-30,-0.0425119235139981
"553",2024-10-01,-0.0473046465462631
"554",2024-10-02,-0.024103514662557
"555",2024-10-03,-0.00482199538170841
"556",2024-10-04,0.0240554721513458
"557",2024-10-05,-0.00625049816617691
"558",2024-10-06,0.0159039375460789
"559",2024-10-07,-0.00847373760269706
"560",2024-10-08,0.003287202496805
"561",2024-10-09,-0.0189516588178716
"562",2024-10-10,0.000270937452616826
"563",2024-10-11,0.027468698579968
"564",2024-10-12,0.0128270084077036
"565",2024-10-13,-0.00575588438781489
"566",2024-10-14,0.0451637175316882
"567",2024-10-15,-0.0100414053326915
"568",2024-10-16,0.00263019445810598
"569",2024-10-17,-0.0133478919063054
"570",2024-10-18,0.0146239258985731
"571",2024-10-19,0.00377897486560862
"572",2024-10-20,0.0219644210063758
"573",2024-10-21,-0.0175660228444519
"574",2024-10-22,-0.00587811662207778
"575",2024-10-23,-0.0204227596959656
"576",2024-10-24,0.0189460144257777
"577",2024-10-25,-0.0488486117281853
"578",2024-10-26,0.0168181575667654
"579",2024-10-27,0.0137150572245058
"580",2024-10-28,0.0156506884212858
"581",2024-10-29,0.0237131328373415
"582",2024-10-30,-0.00972174871320433
"583",2024-10-31,-0.0363349706811587
"584",2024-11-01,-0.00311552749415527
"585",2024-11-02,-0.00802913595814855
"586",2024-11-03,-0.0210131610437578
"587",2024-11-04,-0.0197207911451452
"588",2024-11-05,0.026414426110369
"589",2024-11-06,0.0802452711928788
"590",2024-11-07,0.0263563857774158
"591",2024-11-08,0.0232167124760461
"592",2024-11-09,0.0422373356544804
"593",2024-11-10,0.0625857958825378
"594",2024-11-11,0.0637470724286605
"595",2024-11-12,-0.0174413727933325
"596",2024-11-13,-0.0124942263693667
"597",2024-11-14,-0.0177427925077515
"598",2024-11-15,0.0639075310119657
"599",2024-11-16,0.0608716593316443
"600",2024-11-17,-0.018964465834588
"601",2024-11-18,0.0346504032067106
"602",2024-11-19,-0.0121223098128679
"603",2024-11-20,-0.00155670200259301
"604",2024-11-21,0.0619381969483042
"605",2024-11-22,0.0719479904402563
"606",2024-11-23,0.0364226766586401
"607",2024-11-24,-0.00267980416457109
"608",2024-11-25,-0.0430881772628234
"609",2024-11-26,-0.00777240101641954
"610",2024-11-27,0.0498739493295175
"611",2024-11-28,0.00250348795684505
"612",2024-11-29,0.0354503338803459
"613",2024-11-30,0.00841537904855726
"614",2024-12-01,0.0320996003150789
"615",2024-12-02,0.0391478177689762
"616",2024-12-03,0.0786901078479877
"617",2024-12-04,-0.0155479744968075
"618",2024-12-05,-0.014043299540965
"619",2024-12-06,0.0335237717961964
"620",2024-12-07,0.0029360418720811
"621",2024-12-08,0.00232785370501706
"622",2024-12-09,-0.129286138561308
"623",2024-12-10,-0.00600133138478619
"624",2024-12-11,0.054279795425923
"625",2024-12-12,0.0137221078945677
"626",2024-12-13,0.00451165931129077
"627",2024-12-14,-0.0273880755260916
"628",2024-12-15,0.0236733078457755
"629",2024-12-16,-0.00541292111411069
"630",2024-12-17,-0.012688462687134
"631",2024-12-18,-0.0824086277447989
"632",2024-12-19,-0.0595807088657271
"633",2024-12-20,0.019621750531053
"634",2024-12-21,-0.0310437590130109
"635",2024-12-22,-0.01827275994504
"636",2024-12-23,0.0435662959470174
"637",2024-12-24,0.0266310862345905
"638",2024-12-25,-0.0053548871651442
"639",2024-12-26,-0.051334860108035
"640",2024-12-27,-0.00255833964085093
"641",2024-12-28,0.0248393604129602
"642",2024-12-29,-0.0287101780166714
"643",2024-12-30,-0.00295877366302752
"644",2024-12-31,-0.00527235113479552
"645",2025-01-01,0.0394491911623106
"646",2025-01-02,0.0327020043946425
"647",2025-01-03,0.0446481839865089
"648",2025-01-04,0.000319739331507848
"649",2025-01-05,-0.0050705378902718
"650",2025-01-06,0.0196061119140326
"651",2025-01-07,-0.0800055018022934
"652",2025-01-08,-0.0164228322744957
"653",2025-01-09,-0.0365118229364476
"654",2025-01-10,0.0245276768233659
"655",2025-01-11,0.0146589768488686
"656",2025-01-12,-0.0109158904420732
"657",2025-01-13,-0.0259354296236366
"658",2025-01-14,0.0286553885612973
"659",2025-01-15,0.0758043869108566
"660",2025-01-16,0.000752416064935697
"661",2025-01-17,0.0399209451211134
"662",2025-01-18,-0.0123837800795183
"663",2025-01-19,-0.0723076309443574
"664",2025-01-20,0.0149728894288333
"665",2025-01-21,0.0246810366480341
"666",2025-01-22,-0.00659093324549958
"667",2025-01-23,-0.00418277638253119
"668",2025-01-24,-0.00567982483351433
"669",2025-01-25,0.00931123659908929
"670",2025-01-26,-0.0301555279862306
"671",2025-01-27,-0.0126944254974735
"672",2025-01-28,-0.0294750236224838
"673",2025-01-29,0.0127152595719847
"674",2025-01-30,0.0358572441239337
"675",2025-01-31,-0.00751524011934867
"676",2025-02-01,-0.0505352089011705
"677",2025-02-02,-0.0939490758991051
"678",2025-02-03,0.0198214498744602
"679",2025-02-04,-0.0594375809943273
"680",2025-02-05,-0.0189107827199859
"681",2025-02-06,-0.0222275697674468
"682",2025-02-07,0.00482918639767966
"683",2025-02-08,0.0167873620883033
"684",2025-02-09,-0.000388308463120712
"685",2025-02-10,0.0187377665515672
"686",2025-02-11,0.00455515878085511
"687",2025-02-12,0.0368217271713452
"688",2025-02-13,-0.0162796254317005
"689",2025-02-14,0.0150455120912654
"690",2025-02-15,-0.0116825324500796
"691",2025-02-16,-0.0115810098380474
"692",2025-02-17,-0.00399675857991126
"693",2025-02-18,-0.0332813439691085
"694",2025-02-19,0.0203894289518567
"695",2025-02-20,0.0213540459465636
"696",2025-02-21,-0.0309625801250723
"697",2025-02-22,0.0190125479201039
"698",2025-02-23,-0.00293324876442272
"699",2025-02-24,-0.103601516817214
"700",2025-02-25,0.00227007636497343
"701",2025-02-26,-0.0313073341499413
"702",2025-02-27,0.00953402263531633
"703",2025-02-28,7.59995821665305e-06
"704",2025-03-01,0.0029475660091546
"705",2025-03-02,0.164570529383009
"706",2025-03-03,-0.146669126542768
"707",2025-03-04,0.0153228078190384
"708",2025-03-05,0.0494191119504859
"709",2025-03-06,-0.0140087278242599
"710",2025-03-07,-0.0348333710285628
"711",2025-03-08,-0.00510638510068598
"712",2025-03-09,-0.0820387589451377
"713",2025-03-10,-0.055501451107717
"714",2025-03-11,0.0431841541088668
"715",2025-03-12,0.0196676593570338
"716",2025-03-13,-0.0200185978321607
"717",2025-03-14,0.0301297801016402
"718",2025-03-15,0.0238725725288958
"719",2025-03-16,-0.0393605197382272
"720",2025-03-17,0.023733182465399
"721",2025-03-18,0.000356504884774705
"722",2025-03-19,0.0404895553678053
"723",2025-03-20,-0.0301322658950217
"724",2025-03-21,-0.00285975982409767
"725",2025-03-22,-3.55513656968287e-06
"726",2025-03-23,0.0115211510567343
"727",2025-03-24,0.0287672993148891
"728",2025-03-25,0.0103809470740373
"729",2025-03-26,-0.0180061625937469
"730",2025-03-27,-0.00257464762684538
